{"cameraMode":{"drawMode":0,"name":"Shaded","section":"Shading Mode"},"sceneLighting":true,"audioPlay":false,"sceneViewState":{"m_AlwaysRefresh":false,"showFog":true,"showSkybox":true,"showFlares":true,"showImageEffects":true,"showParticleSystems":true,"showVisualEffectGraphs":true,"m_FxEnabled":true},"in2DMode":false,"pivot":{"x":-1.8777458667755128,"y":0.4130184054374695,"z":1.7015608549118043},"rotation":{"x":-0.10403381288051605,"y":0.8809723258018494,"z":-0.22852753102779389,"w":-0.4010497033596039},"size":9.342143058776856,"orthographic":false}